Category,Investment,InvestmentPct
Equity,89446.15,64.19406604558299
Hybrid,30186.0,21.66400764764015
Debt,19704.95,14.141926306776877
